codon_site	domain	alpha	beta (Foreground)	beta (background)	subs (Foreground)	P-value (overall)	Q-value (overall)	Permutation p-value	Total branch length
58	bHLH-PAS	0.5902	3.7947	0.1859	1	0.0157	0.3691	0.5000	5.3399
83	bHLH-PAS	1.4468	1.0887	0.0000	2	0.0118	0.3866	0.2500	5.2981
104	bHLH-PAS	0.7914	0.6699	0.0000	1	0.0173	0.3508	1	2.9365
110	bHLH-PAS	0.7752	0.6976	0.0000	1	0.0186	0.3457	1	2.8977
112	bHLH-PAS	0.7779	2.6688	0.0844	1	0.0373	0.5101	0.1000	4.5818
173	bHLH-PAS	0.5418	4.4543	0.1525	2	0.0133	0.3915	0.2500	5.2607
199	bHLH-PAS	0.9170	0.7813	0.0000	2	0.0154	0.3839	1	3.4053
200	bHLH-PAS	0.5095	0.7148	0.0000	1	0.0181	0.3400	1	2.0365
211	bHLH-PAS	0.7589	467.0255	0.0000	3	0.0000	0.0065	0.3333	243.1273
223	bHLH-PAS	0.1801	0.6153	0.0000	1	0.0154	0.3882	0.5000	0.9067
232	bHLH-PAS	0.5084	2.0813	0.0841	1	0.0331	0.4759	0.5000	3.3939
234	bHLH-PAS	0.4337	2.7630	0.0477	1	0.0022	0.1730	1	3.2162
241	bHLH-PAS	0.1511	0.6905	0.0000	1	0.0176	0.3423	0.1250	0.8507
242	bHLH-PAS	0.6085	1.4600	0.0000	2	0.0007	0.0844	1	2.7446
243	bHLH-PAS	0.7629	2.7345	0.1028	1	0.0076	0.3277	1	4.7102
274	bHLH-PAS	0.5174	13.7215	0.0402	2	0.0002	0.0373	1	9.0787
278	bHLH-PAS	1.6610	1.0097	0.0000	1	0.0160	0.3573	1	5.9590
341	bHLH-PAS	0.7035	0.7926	0.0000	1	0.0194	0.3396	1	2.7119
349	bHLH-PAS	1.0415	2.0935	0.0412	1	0.0245	0.3792	0.5000	4.8105
394	bHLH-PAS	0.0002	3.5006	0.1269	1	0.0229	0.3742	1	2.7954
404	Central	1.2278	0.7574	0.0000	1	0.0156	0.3779	0.2500	4.4104
454	Central	0.0002	2.8841	0.1641	1	0.0122	0.3848	1	2.7687
455	Central	1.4881	4.2510	0.3068	2	0.0467	0.6107	0.2500	9.4598
462	Central	0.4980	13.9008	0.6817	2	0.0322	0.4657	1	14.1191
473	Central	4.6206	2.1682	0.0429	2	0.0031	0.2047	0.2500	16.5815
491	Central	0.9359	2.1619	0.0583	1	0.0266	0.4088	0.5000	4.6335
497	Central	0.0836	3.0481	0.0886	1	0.0040	0.2150	1	2.5369
501	Central	0.2250	35.9446	0.0460	1	0.0242	0.3822	0.3333	19.6173
503	Central	0.0000	36.6168	0.1288	1	0.0197	0.3406	1	19.8740
504	Central	0.2140	5.1337	0.1657	1	0.0046	0.2415	0.5000	4.6403
505	Central	0.3370	4.6044	0.1073	1	0.0013	0.1247	0.3333	4.3143
507	Central	1.4072	1.5642	0.0519	1	0.0481	0.6071	1	5.8195
509	Central	0.5886	3.3478	0.2111	1	0.0133	0.3861	1	5.3012
511	Central	0.7545	8.3629	0.1065	2	0.0001	0.0166	1	7.6114
514	Central	0.7873	9.0318	0.1104	2	0.0038	0.2236	1	8.0943
519	Central	0.0000	1.4416	0.1641	1	0.0474	0.6157	0.2500	2.0251
530	Central	0.3781	3.5633	0.0881	2	0.0312	0.4597	1	3.7623
537	Central	11.4671	1.8102	0.0000	2	0.0003	0.0432	0.5000	38.4795
565	Central	0.4147	481.5928	0.5633	3	0.0104	0.3668	1	253.9066
567	Central	0.4184	3.2243	0.1640	1	0.0058	0.2758	0.1250	4.3129
572	Central	10000	2.2528	0.1399	2	0.0410	0.5400	1	32745.3088
593	Central	1.1465	2.8343	0.2244	1	0.0239	0.3799	1	6.9675
596	Central	0.7402	4.2918	0.3700	1	0.0377	0.5125	0.0588	7.5256
597	Central	0.7531	3.6805	0.1707	2	0.0151	0.3870	0.5000	5.6955
598	Central	0.8448	4.3052	0.1950	2	0.0171	0.3517	1	6.5078
652	Central	1.1714	2.5895	0.2936	1	0.0479	0.6090	1	7.4635
677	Central	0.0000	4.6983	0.2735	1	0.0099	0.3640	0.1667	4.5575
688	Central	0.5087	2.7658	0.0506	1	0.0040	0.2203	0.5000	3.4858
689	Central	0.1663	6.1258	0.5386	2	0.0144	0.3728	1	7.9090
713	Central	0.4808	11.0014	0.0463	2	0.0000	0.0066	1	7.6046
720	Central	0.6024	0.9637	0.0000	1	0.0160	0.3530	0.5000	2.4691
726	Central	0.6760	3.6620	0.2362	2	0.0342	0.4871	1	5.9455
742	Central	1.3560	1.2404	0.0403	2	0.0403	0.5354	1	5.3938
749	Central	0.9112	0.9863	0.0000	1	0.0213	0.3541	0.2500	3.4916
750	Central	0.3987	2.0720	0.1526	1	0.0285	0.4263	0.2500	3.5650
754	Central	2.9789	2.6375	0.0000	1	0.0054	0.2748	0.1111	11.1128
755	NRID	0.6739	0.9662	0.0000	2	0.0188	0.3420	0.5000	2.7044
756	NRID	1.2259	1.0521	0.0000	1	0.0131	0.4003	0.1429	4.5561
759	NRID	0.8902	1.3458	0.0000	1	0.0132	0.3947	0.3333	3.6083
762	NRID	2.3085	1.0209	0.0000	1	0.0140	0.3857	1	8.0847
767	NRID	1.3588	1.4425	0.0000	2	0.0141	0.3761	0.5000	5.1925
768	NRID	0.6437	3.3594	0.0535	1	0.0396	0.5296	1	4.2563
779	NRID	1.0731	2.2152	0.0444	1	0.0284	0.4280	1	5.0017
782	NRID	0.9989	1.1476	0.0000	2	0.0156	0.3730	0.3333	3.8622
788	NRID	1.7372	3.1349	0.2168	1	0.0372	0.5139	1	8.9973
790	NRID	2.7650	9.1039	0.2276	1	0.0475	0.6117	0.1111	15.5227
795	NRID	0.1840	5.0434	0.1150	1	0.0029	0.1949	1	4.0990
800	NRID	1.1418	5.7605	0.3686	1	0.0191	0.3443	0.5000	9.5868
832	NRID	1.3529	1.1524	0.0000	1	0.0163	0.3513	1	5.0240
839	NRID	1.2374	3.0288	0.0411	1	0.0071	0.3234	0.1250	5.9337
840	NRID	0.6930	0.6880	0.0000	1	0.0178	0.3408	0.1667	2.6236
865	NRID	0.7444	7.7781	0.3733	2	0.0021	0.1762	1	9.3614
873	NRID	0.3333	0.6912	0.0000	1	0.0186	0.3421	1	1.4476
877	NRID	1.0141	3.6478	0.2967	1	0.0313	0.4561	1	7.5179
890	Post-NRID	1.8596	0.6637	0.0000	1	0.0167	0.3563	1	6.4308
893	Post-NRID	1.3363	3.0681	0.1207	1	0.0071	0.3284	0.1667	6.8992
894	Post-NRID	0.7276	2.8695	0.1848	1	0.0174	0.3449	0.0500	5.3043
898	Post-NRID	1.9548	3.1244	0.0483	1	0.0020	0.1729	0.5000	8.3878
906	Post-NRID	0.7798	0.7332	0.0000	1	0.0170	0.3566	1	2.9310
908	Post-NRID	0.8349	0.7098	0.0000	1	0.0178	0.3381	0.5000	3.0994
911	Post-NRID	0.3390	2.2621	0.0406	1	0.0110	0.3722	0.5000	2.5930
916	Post-NRID	1.1770	5.4781	0.2946	2	0.0142	0.3742	1	8.9782
934	Post-NRID	1.3068	0.7014	0.0000	2	0.0173	0.3473	0.3333	4.6404
937	Post-NRID	1.7983	1.8301	0.0000	1	0.0074	0.3249	1	6.8311
943	Post-NRID	0.0000	0.8610	0.0000	1	0.0174	0.3414	0.5000	0.4437
991	Post-NRID	0.8099	3.1670	0.2951	2	0.0492	0.6071	0.0909	6.5893
1041	Post-NRID	0.8205	4.0813	0.2355	2	0.0232	0.3724	0.5000	6.6290
1045	Post-NRID	1.6315	2.9692	0.2141	1	0.0379	0.5106	1	8.5446
1047	Post-NRID	1.0504	1.6888	0.0967	1	0.0159	0.3653	0.3333	5.0649
1050	Post-NRID	1.3014	2.1736	0.1036	2	0.0478	0.6117	0.1250	6.1907
1127	Post-NRID	0.4970	3.2682	0.0000	2	0.0002	0.0310	1	3.3113
1132	Post-NRID	0.9220	2.0480	0.2589	1	0.0488	0.6109	1	6.0966
1152	Post-NRID	0.9908	2.0774	0.0399	1	0.0031	0.1983	1	4.6263
1223	Post-NRID	0.7714	1.2743	0.0000	1	0.0163	0.3549	1	3.1824
1229	Post-NRID	1.3177	0.6999	0.0000	1	0.0171	0.3554	0.3333	4.6751
1248	Post-NRID	2.5654	2.5229	0.1123	2	0.0113	0.3761	0.5000	10.5774
1274	Post-NRID	0.3104	2.3310	0.0515	1	0.0038	0.2175	1	2.6195
1282	Post-NRID	0.2031	16.8578	0.2367	2	0.0023	0.1771	1	11.2006
1291	Post-NRID	2.3169	2.0202	0.2036	1	0.0343	0.4842	1	10.2176
1295	Post-NRID	1.5052	1.0249	0.0000	2	0.0135	0.3774	1	5.4565
1310	Post-NRID	7.0858	0.9985	0.0000	2	0.0092	0.3532	0.3333	23.7158
1313	Post-NRID	0.8827	391.3662	0.0498	3	0.0000	0.0073	1	204.9368
1314	Post-NRID	4.0942	18.7608	0.1051	2	0.0002	0.0311	0.3333	23.8934
1315	Post-NRID	2.5307	207.4213	0.4014	3	0.0058	0.2825	1	118.2990
1316	Post-NRID	2.5212	229.7730	0.0548	3	0.0000	0.0097	1	127.0778
1318	Post-NRID	1.9648	10000	0.0805	3	0.0000	0.0075	1	5159.7210
1319	Post-NRID	1.3732	5.4911	0.0483	2	0.0350	0.4865	0.5000	7.7028
1324	Post-NRID	0.9221	11.1654	0.0765	1	0.0025	0.1853	0.1667	9.3702
1327	Post-NRID	2.2249	18.1412	0.0520	2	0.0004	0.0497	1	17.0383
1329	Post-NRID	1.0412	386.0506	0.1024	3	0.0134	0.3830	1	203.1274
1330	Post-NRID	2.0989	1361.2619	0.0000	3	0.0036	0.2206	1	708.2844
1337	Post-NRID	6.1320	163.1078	0.1048	2	0.0000	0.0054	0.0909	104.9409
1338	Post-NRID	0.5270	398.5643	0.0558	3	0.0000	0.0053	0.1429	207.5277
1349	Post-NRID	1.6824	0.7629	0.0000	1	0.0231	0.3742	0.2000	5.9018
1367	Post-NRID	0.9755	1.4511	0.0000	1	0.0099	0.3571	0.3333	3.9418
1405	Post-NRID	3.2850	0.8828	0.0315	1	0.0490	0.6097	1	11.4572
1417	Post-NRID	2.3470	0.7736	0.0000	1	0.0194	0.3458	1	8.0836
1443	Post-NRID	0.8308	3.2190	0.0821	1	0.0095	0.3580	1	5.0204
1446	Post-NRID	0.5281	0.7636	0.0000	1	0.0199	0.3413	1	2.1226
1465	Post-NRID	0.3861	1.2161	0.0000	1	0.0108	0.3735	1	1.8910
1470	Post-NRID	1.2165	1.8019	0.0495	2	0.0349	0.4890	1	5.2983
1475	Post-NRID	2.1432	1.4994	0.1207	1	0.0271	0.4133	0.2500	8.7333
1493	Post-NRID	0.0000	1.8310	0.1152	2	0.0200	0.3403	0.5000	1.8431
1538	Post-NRID	0.8812	1.1211	0.0000	1	0.0140	0.3799	1	3.4630
1554	Post-NRID	0.9344	1.9526	0.1041	1	0.0122	0.3908	0.1667	4.8785
1592	Post-NRID	1.2411	3.1528	0.2972	1	0.0299	0.4443	1	8.0097
1602	Post-NRID	0.0581	4.8682	0.1319	1	0.0159	0.3609	1	3.7290
1616	Post-NRID	0.1766	3.9722	0.0406	1	0.0244	0.3821	1	2.9419
1626	Post-NRID	0.5173	1.1236	0.0000	1	0.0126	0.3906	0.5000	2.2727
1636	Post-NRID	1.4340	2.0535	0.0770	1	0.0077	0.3164	0.5000	6.3546
1644	Post-NRID	0.0001	0.6402	0.0000	1	0.0207	0.3488	1	0.3301
1650	Post-NRID	0.4890	3.9902	0.0606	1	0.0009	0.0980	1	4.1309
1651	Post-NRID	16.2793	2.3754	0.0296	2	0.0013	0.1307	1	54.7587
1656	Post-NRID	0.7481	2.4455	0.0300	1	0.0015	0.1383	1	3.9440
1657	Post-NRID	0.8966	2.0024	0.0763	1	0.0076	0.3203	0.0500	4.5632
1666	Post-NRID	0.8089	3.3050	0.1600	1	0.0083	0.3337	1	5.6016
1671	Post-NRID	0.3357	1.2092	0.0004	1	0.0089	0.3512	1	1.7250
1678	Post-NRID	0.1937	0.6027	0.0000	1	0.0194	0.3425	0.0714	0.9448
1709	Post-NRID	0.6933	0.6571	0.0000	1	0.0213	0.3513	0.2000	2.6087
1728	Post-NRID	0.4013	0.6954	0.0000	1	0.0159	0.3694	1	1.6722
1733	Post-NRID	0.4009	1.4436	0.0000	1	0.0008	0.0899	0.5000	2.0564
1752	Post-NRID	0.4534	2.8470	0.0502	1	0.0027	0.1922	1	3.3436
1756	Post-NRID	0.3050	1.1279	0.0000	1	0.0155	0.3791	1	1.5799
